{
  "name": "COVID19 GraphQL API",
  "version": "1.0.0",
  "description": "<br/><p>The COVID19 statistics and history data GraphQL API. The data was extracted from John Hopkins Medical School on Daily basis. There is no rate limiting so please be reasonable on when invoking the API. CORS and Playground are all Enabled.</p><br/><p>Currently only supporting Australia, China, Italy, Japan, South Korea, US, UK, France, Germany and Spain. All Australian States can also be individually queried</p>",
  "homepage": "https://www.linkedin.com/in/silverxu/",
  "graphdoc": {
    "ga": "UA-54154153-2",
    "endpoint": "https://api.covidstats.com.au/graphql",
    "output": "./docs"
  }
}
