{
  "name": "COVID19 GraphQL API",
  "version": "1.0.0",
  "description": "<br/><a>https://api.covidstats.com.au/graphql</a><br/><br/><p>This is the COVID19 statistics and history data GraphQL API documentation. The statistics were extracted from John Hopkins Medical School on Daily basis. There is no rate limiting so please be reasonable on when invoking the API.",
  "graphdoc": {
    "graphiql": "https://api.covidstats.com.au/graphql",
    "endpoint": "https://api.covidstats.com.au/graphql",
    "output": "./docs"
  }
}
